track_name,duration_ms
we can't be friends (wait for your love),228639
the boy is mine,173639
intro (end of the world),92400
Save Your Tears (Remix) (with Ariana Grande) - Bonus Track,191013
"yes, and?",214994
One Last Time,197266
Die For You (with Ariana Grande) - Remix,232857
7 rings,178626
Dangerous Woman,235946
Into You,244453
Easy On Me,224694
Set Fire to the Rain,242973
Someone Like You,285240
Rolling in the Deep,228093
Skyfall,286480
Love In The Dark,285935
When We Were Young,290900
Make You Feel My Love,212040
Chasing Pavements,210506
Hello,295502
Sundress,158205
I Smoked Away My Brain (I'm God x Demons Mashup) (feat. Imogen Heap & Clams Casino),190285
Praise The Lord (Da Shine) (feat. Skepta),205040
"Everyday (feat. Rod Stewart, Miguel & Mark Ronson)",260986
HIGHJACK,190074
Fashion Killa,236280
"Am I Dreaming (Metro Boomin & A$AP Rocky, Roisee)",256026
"F**kin' Problems (feat. Drake, 2 Chainz & Kendrick Lamar)",233786
LVL,220133
Jukebox Joints (feat. Joe Fox & Kanye West),323960
Cruel Summer,178426
Fortnight (feat. Post Malone),228965
I Can Do It With a Broken Heart,218004
august,261922
Lover,221306
Guilty as Sin?,254365
cardigan,239560
Down Bad,261228
Anti-Hero,200690
Don’t Blame Me,236413
I Wanna Be Yours,183956
505,253586
Do I Wanna Know?,272394
Why'd You Only Call Me When You're High?,161123
R U Mine?,201726
Fluorescent Adolescent,173493
Snap Out Of It,193030
Arabella,207356
Knee Socks,257563
I Bet You Look Good On The Dancefloor,173680
Man in the Box,285200
Would? (2022 Remaster),206773
Nutshell,259200
Rooster (2022 Remaster),374333
Them Bones (2022 Remaster),149466
Down In A Hole (2022 Remaster),338226
We Die Young,152560
No Excuses,255573
Rotten Apple,418466
I Stay Away,254400
Amanece,190004
BBY BOO - REMIX,275862
OA,235200
China,301714
SERIO CON ESE Q,247468
WYA REMIX BLACK AND YELLOW (feat. iZaak & Pirlo),390545
Razones,222727
Adicto (with Anuel AA & Ozuna),270740
Hasta Que Dios Diga,246000
Ella Quiere Beber - Remix,219357
Dancing Queen,230400
Gimme! Gimme! Gimme! (A Man After Midnight),292613
Lay All Your Love On Me,274466
Mamma Mia,213266
Take A Chance On Me,243933
Waterloo,168960
The Winner Takes It All,294720
Super Trouper,252853
"Money, Money, Money",186426
Chiquitita,326320
World's Smallest Violin,180742
Bang!,170858
Burn The House Down,212373
Yes I'm A Mess,164973
Weak,201159
100 Bad Days,212783
Way Less Sad,206108
Sober Up (feat. Rivers Cuomo),218763
Inertia,220933
Record Player,149538
You Shook Me All Night Long,210173
Back In Black,255493
Thunderstruck,292880
Highway to Hell,208400
T.N.T.,214666
Hells Bells,312293
Dirty Deeds Done Dirt Cheap,231933
Shoot to Thrill,317426
It's a Long Way to the Top (If You Wanna Rock 'N' Roll),301226
Rock N Roll Train,261506
Treehouse,158801
Mary,197733
Sarah,176146
16 Mirrors,87093
Things to Do,157874
Advice,157973
Race,223255
Mis,200680
Change,124333
Forever,149640
Drowning (feat. Kodak Black),209269
Look Back at It,179449
Still Think About You,246987
My Shit,128156
Jungle,174192
Secrets,133331
Swervin (feat. 6ix9ine),189486
Me and My Guitar,161764
Demons and Angels (feat. Juice WRLD),214592
"Slide (Remix) (feat. Pop Smoke, A Boogie Wit da Hoodie & Chris Brown) (feat. Pop Smoke)",296011
Diet Pepsi,169697
Von dutch featuring addison rae and a. g. cook,157328
2 die 4 (feat. Charli XCX),126105
Obsessed,134087
I got it bad,172519
Nothing On (But The Radio),149552
it could’ve been u,135388
Closer,244960
Without Me,201660
Eastside (with Halsey & Khalid),170769
Him & I (with Halsey),268866
Boy With Luv (feat. Halsey),229773
Lucky,198546
Be Kind (with Halsey),172761
Bad At Love,181279
Could Have Been Me,148732
Walls Could Talk,101789
Propuesta Indecente,235133
X SI VOLVEMOS,200120
ÁNGEL,184095
Imitadora,234828
Eres Mía,250640
Llévame Contigo,226400
Cancioncitas de Amor,237093
Ella Quiere Beber - Remix,219357
Sobredosis (feat. Ozuna),198332
Odio (feat. Drake),225000
Ella Y Yo - Featuring Don Omar,267786
Dile al Amor,229360
El Perdedor,215213
Obsesion,254720
Los Infieles,257186
El Malo,238720
Volví,230125
Un Beso,263346
Enseñame a Olvidar,348826
Por un Segundo,255026
fukumean,125040
one of wun,144000
Jump,147071
Drip Too Hard (Lil Baby & Gunna),145542
on one tonight,90760
Lemonade (feat. NAV),195428
prada dem (feat. Offset),165346
hakuna matata,127853
P power (feat. Drake),193346
Drip or Drown,126168
Complicated,244506
I'm with You,223066
Sk8er Boi,204000
Girlfriend,216600
What the Hell,220706
My Happy Ending,242413
When You're Gone,240493
Here's to Never Growing Up,214320
Wish You Were Here,225760
Nobody's Home,212413
Smack That,212360
Lonely,235800
Right Now (Na Na Na),240746
I Wanna Love You,247066
Don't Matter,293053
Chammak Challo,227091
Locked Up,235066
Beautiful,312986
"Sorry, Blame It On Me",295746
Be With You,231013
Hail to the King,305906
A Little Piece of Heaven,480706
Afterlife,352426
Nightmare,374453
Dear God,393480
So Far Away,326813
Bat Country,311813
Gunslinger,251533
Seize the Day,334066
Shepherd of Fire,323800
"Sajni (From ""Laapataa Ladies"")",170044
"Satranga (From ""ANIMAL"")",271169
Chaleya,200373
O Maahi,233453
"Tujhe Kitna Chahne Lage (From ""Kabir Singh"")",284779
Soulmate,213599
Heeriye (feat. Arijit Singh),194857
Apna Bana Le,261702
"Tum Kya Mile, Pt. 2",277500
Ve Kamleya,246988
Leave The Door Open,242096
places to be,226677
Smokin Out The Window,197442
After Last Night (with Thundercat & Bootsy Collins),249444
Skate,203122
Love's Train,307014
Come Down,169726
Coast (feat. Anderson .Paak),166720
Fly As Me,219389
Dance With The Devil,210804
Back To Black,241293
Rehab,214946
"Valerie - Live At BBC Radio 1 Live Lounge, London / 2007",233733
Tears Dry On Their Own,186440
You Know I'm No Good,257186
Love Is A Losing Game,155413
Me & Mr Jones,153173
Stronger Than Me,214493
He Can Only Hold Her,166400
Our Day Will Come,169373
i like the way you kiss me,142514
if u think i'm pretty,128205
cross my heart,146216
dirty little secret,181346
wet dreams,99750
i like the way you kiss me - southstar remix,137986
i like the way you kiss me - burnt,162406
prettygrunge.wav,119104
i always kinda knew you’d be the death of me,136099
So Stunning,138228
anything,202047
"not a lot, just forever",250198
half return,128700
forwards beckon rebound,189464
ingydar,248386
Jonathan,128853
Indiana,157440
Sadness As A Gift,259015
zombie girl,164224
Free Treasure,215514
WORK,172381
BOUNCY (K-HOT CHILLI PEPPERS),187310
Crazy Form,198365
Hush-Hush,205013
HALAZIA,197025
Blind,198736
Guerrilla,207921
Deja Vu,196670
WONDERLAND,199013
"IT's You (YEOSANG, SAN, WOOYOUNG)",209538
"Dear Maria, Count Me In",182826
Monsters (feat. blackbear),174067
Weightless,198000
Monsters (feat. Demi Lovato and blackbear),174424
"Dear Maria, Count Me In - ATL's Version",187266
Fake As Hell (with Avril Lavigne),179166
Remembering Sunday,256733
Sleepwalking,187344
A Love Like War (feat. Vic Fuentes),213740
Break Your Little Heart,171706
X'CLUSIVO - REMIX,208133
La Jumpa,255693
Tu No Vive Asi (feat. Mambo Kingz & DJ Luian),264000
Hace Mucho Tiempo,171333
Pa' Que La Pases Bien,214120
ALV,224285
Si Se Da - Remix,332240
Me Prefieres A Mi,195657
Me Ama Me Odia,326936
PESO COMPLETO,193714
The Downfall Of Us All,209093
If It Means A Lot To You,243226
All I Want,202640
"I'm Made Of Wax, Larry, What Are You Made Of?",180840
All Signs Point To Lauderdale,197200
Have Faith In Me,188813
Mr. Highway's Thinking About The End,255826
Since U Been Gone,198266
Miracle,243977
Resentment,227266
If I Ain't Got You,228706
My Boo,223440
No One,254523
Fallin',210200
Girl on Fire,224920
Un-thinkable (I'm Ready) (feat. Drake) - Remix,282026
Empire State of Mind (Part II) Broken Down,216480
You Don't Know My Name,366733
Un-thinkable (I'm Ready),249240
I’m Not The Only One (feat. Alicia Keys),220253
Emo Boy,154096
Yummy,160940
BREAK A NECK (w/ Ayesha Erotica),116330
THE BADDEST (BADDER) [feat. Ayesha Erotica],143994
Yummy - Righteous Remix,164001
Literal Legend,164728
Big Juicy,205191
Sixteen,131982
Vacation Bible School,291692
Where You @,164307
Trance (with Travis Scott & Young Thug),194786
It's Up (feat. Young Thug & 21 Savage),278000
RIVER,247272
pick up the phone,252262
Go Crazy,176960
Hot (Remix) [feat. Gunna and Travis Scott],279906
Way 2 Sexy (with Future & Young Thug),257604
SKITZO (feat. Young Thug),366592
The London (feat. J. Cole & Travis Scott),200186
Digits,176386
Wake Me Up,247426
The Nights,176658
Waiting For Love,230613
Levels - Radio Edit,199906
Hey Brother,255093
Without You (feat. Sandro Cavazza),181672
Addicted To You,148386
I Could Be The One (Avicii Vs. Nicky Romero) - Radio Edit,208320
SOS (feat. Aloe Blacc),157202
Lonely Together (feat. Rita Ora),181812
Supernova,178880
Armageddon,196466
Drama,214973
Spicy,197040
Savage,238143
Next Level,221573
Black Mamba,174933
Hold On Tight,149718
Live My Life,159133
Hot Mess,192375
ESTE,162058
4K,201500
Tacata (Remix),156716
La Mamá de la Mamá,219000
Los Aparatos,232843
BEBÉ,197284
La Romana,300579
Suave (Remix),305526
PLEBADA,221739
Besalo,163265
Ironic - 2015 Remaster,230000
You Oughta Know - 2015 Remaster,249493
Hand in My Pocket - 2015 Remaster,222013
Head over Feet - 2015 Remaster,267293
Thank U,258773
You Learn - 2015 Remaster,239640
Uninvited,276200
Hands Clean,269400
All I Really Want - 2015 Remaster,284093
Crazy - James Michael Mix,218760
Runaway,248826
Into the Unknown,194848
Cure For Me,201640
Running with the Wolves,194760
Butterflies (feat. AURORA),130666
Starvation,207613
To Be Alright,245640
Some Type Of Skin,191333
Your Blood,247493
Everything Matters,213906
Active,172597
Wave,205879
MMS,219628
Lonely At The Top,157714
Bandana,178225
Stubborn (with Asake),176333
Happiness (feat. Asake & Gunna),174743
Terminator,155897
Remember,182142
Amapiano,165000
Chattahoochee,148160
It's Five O'Clock Somewhere,229800
Little Bitty,158626
Drive (For Daddy Gene),242733
Good Time,306773
Gone Country,260493
Livin' On Love,229560
Don't Rock the Jukebox,171066
Remember When,270600
Chasin' That Neon Rainbow,185373
Perfect,263400
Shape of You,233712
Photograph,258986
Shivers,207853
Thinking out Loud,281560
Bad Habits,230746
I Don't Care (with Justin Bieber),219946
Bam Bam (feat. Ed Sheeran),206070
Castle on the Hill,261153
Galway Girl,170826
QKThr,87466
Avril 14th,125520
Xtal,293751
#3,464293
aisatsana [102],321880
Flim,177093
#19,614592
I,77346
180db_ [130],191466
Alberto Balsalm,310746
Want to Want Me,207719
Whatcha Say,221253
Talk Dirty (feat. 2 Chainz),177685
Savage Love (Laxed - Siren Beat),171374
Swalla (feat. Nicki Minaj & Ty Dolla $ign),216408
Acapulco,139672
Take You Dancing,190306
In My Head,198960
From the Islands (kompa pasión),168871
Spicy Margarita,154376
Faded,212106
On My Way,193959
"Alone, Pt. II",179052
"Better Off (Alone, Pt. III)",151702
Alone,160426
Issues - Alan Walker Remix,181000
Darkside,211680
Barcelona,205086
The Spectre,193787
Lily,195840
"Archie, Marry Me",196560
Dreams Tonite,196026
Adult Diversion,207640
Tile By Tile,178046
In Undertow,197186
After The Earthquake,185276
Not My Baby,256413
Atop a Cake,199573
Ones Who Love You,227240
Next of Kin,228453
Whatever,178273
Sweet but Psycho,187436
The Motto,164818
Kings & Queens,162398
"Alone, Pt. II",179052
Car Keys (Ayla),147211
My Head & My Heart,174760
So Am I,183026
Into Your Arms (feat. Ava Max),186022
My Oh My,156155
Poison,270080
School's Out,210106
No More Mr. Nice Guy,187893
I'm Eighteen,180760
Feed My Frankenstein,284693
I'm Always Chasing Rainbows,128333
Bed of Nails,259986
Hey Stoopid,273933
I Never Cry,224600
Under My Wheels,171560
Vete,185240
El Precio De La Soledad,186360
El Vals Del Olvido,209266
Tengo Claro,191681
El Paciente,211266
Yo Todo Lo Doy,202453
En Definitiva,216266
No,187240
El Sillón,199293
Seguramente,196666
I Wait for You,158104
Break,177028
Pretend,359769
Sometimes,152102
Moves Like Jagger - Studio Recording From The Voice Performance,202986
Feel This Moment (feat. Christina Aguilera),229506
Genie In a Bottle,217573
Say Something,229400
Lady Marmalade - Single Edit,267960
El Ultimo Adiós - Varios Artistas Version,237466
Beautiful,238560
Dirrty (feat. Redman),298853
Fighter,245960
Pero Me Acuerdo de Tí,265733
Let Me Down Slowly,169353
If We Have Each Other,181522
Water Fountain,218893
If I Killed Someone For You,185122
Devil Doesn’t Bargain,163613
Boy In The Bubble,181705
Let Me Down Slowly (feat. Alessia Cara),169174
I Sent My Therapist To Therapy,180923
"Eyes Blue Like The Atlantic, Pt. 2 (feat. Powfu, Alec Benjamin & Rxseboy)",156187
Outrunning Karma,188850
Dream On,267596
"I Don't Want To Miss A Thing - From ""Armageddon"" Soundtrack",299723
Walk This Way,220310
Sweet Emotion,274088
Crazy,316826
Cryin',308560
Dude (Looks Like A Lady),265773
Amazing,355915
Angel,308906
Jaded,215823
Potential Breakup Song,219773
Potential Breakup Song,218333
Slow Dancing,267880
Like Whoa,150826
Walking On Sunshine,233733
Rush,191733
Chemicals React - Remix,175920
Do You Believe In Magic,134066
No One,177560
Pretty Places,319400
Yeah! (feat. Lil Jon & Ludacris),250373
DJ Got Us Fallin' In Love (feat. Pitbull),220800
My Boo,223440
Hey Daddy (Daddy's Home),224093
U Remind Me,266893
Burn,231933
Love in This Club (feat. Young Jeezy),259720
Confessions Part II,211200
OMG (feat. will.i.am),269493
You Make Me Wanna...,219120
Miss Murder,206586
Girl's Not Grey,190493
The Boy Who Destroyed The World,185360
Prelude 12/21,94466
Silver And Cold,250706
The Leaving Song Pt. II,211040
The Days Of The Phoenix,207693
Love Like Winter,165653
Dancing Through Sunday,146666
Totalimmortal,164360
Carry You Home,166880
Before You Leave Me,176178
Save You a Seat,197573
Chasing Shadows,164027
One More I Love You,216935
Yard Sale,174196
Carry You Home (feat. Ella Henderson),166880
Change Your Mind,174406
Give You Love,183399
Screaming Underwater,146093
"Cello Suite No. 1 in G Major, BWV 1007: I. Prélude",151733
"The Well-Tempered Clavier, Book 1, BWV 846-869 / Prelude & Fugue in C Major, BWV 846: I. Prelude",139306
"Prelude in C Minor, BWV 999",68573
"Prelude in D Minor, BWV 926",75533
"Goldberg Variations, BWV 988: Aria",184853
"Prelude in C Major, BWV 924: Praeambulum in C Major, BWV 924",67093
"Prelude in G Minor, BWV 930: Praeambulum in G Minor, BWV 930",87746
"Prelude in D Major, BWV 925",68133
"Overture (Suite) No. 2 in B Minor, BWV 1067: VII. Badinerie",90106
"Unaccompanied Cello Suite No. 1 in G major, BWV 1007: I. Prélude",150973
E. Coli (feat. Earl Sweatshirt),132147
Ocean Prime (feat. Boldy James),99906
Great Adventures,107253
Together Forever (Big Sean & The Alchemist),181910
1985,152546
6 Five Heartbeats (feat. Vince Staples),114092
I Hate Everything (feat. Action Bronson),82133
Loose Change (feat. Earl Sweatshirt),118398
Summer Reign (feat. Ty Dolla $ign),175626
"Something to Rap About (feat. Tyler, The Creator)",282560
Slumber Party (feat. Princess Nokia),178404
Daisy,146523
STUPID (feat. Yung Baby Tate),167317
Worms,148690
Deal With It (feat. Kelis),191149
You Make Me Sick!,138299
Cheerleader,132818
Daisy 2.0 (feat. Hatsune Miku),167157
Tantrum,140010
Cry (feat. Grimes),126663
Nothing,223266
Starbucks,198333
Something's Going On,178133
Here We Go Again (I Love Lake Tahoe),237000
The Distance,217533
Old Folks,235200
Pacific Ocean Blue,207706
Six O' Clock on A Tube Stop,194160
Going Down,249840
The Springs,268506
TRUCK BED,167534
Hide My Gun (Feat. HARDY),220479
ONE BEER (feat. Lauren Alaina & Devin Dawson),173173
wait in the truck,277659
GIVE HEAVEN SOME HELL,217801
red (feat. Morgan Wallen),205767
PSYCHO,198748
He Went To Jared (HARDY feat. Morgan Wallen),213693
"Turn You Down (HARDY feat. Morgan Wallen, Zakk Wylde)",154960
SIX FEET UNDER (Caleigh’s Song),191437
Gånglåt i femtakt,474760
Joelbitar,493172
Uti vår hage,168320
Uttryck,707160
Fredmans epistel 9,326773
Du fria,329603
Änglarna dansar,334504
Soluppgung,382943
Transversala varelser,359826
Trollmors vaggsång,379039
Darkseid,248275
C4SH,255499
Repent - VIP,263314
Sacrifices Must Be Made,520000
Feel So High,208327
Didn't I,263314
Public Enemy,221739
Back In The Day,333987
Rolling Fire - VIP,267428
Bring it Down - Reworked,286896
BELLAKEO,197333
Downtown,193456
Gata Only (Remix),230513
Alegría,165054
Envolver,193805
Mi Amor (with JVKE & Anitta),139428
Back for More (with Anitta),131037
Joga Pra Lua,125108
Savage Funk,83267
Double Team,231628
Work,206132
Starwood Radio Promo,51680
Hype,396495
El Final De Nuestra Historia,197280
Ya Te Perdí La Fe,147053
Ya Es Muy Tarde,181160
Mi Segunda Vida,187640
El Ruido De Tus Zapatos,265880
Si Tu Amor No Vuelve,247600
Entre Beso Y Beso,182306
De Ti Exclusivo,196360
Te Estaré Esperando,244106
Ya No Te Buscaré,191066
Countryside - Instrumental Version,79719
"Dreams, Fairytales, Fantasies (feat. Brent Faiyaz & Salaam Remi)",222986
HOT ONE (with TiaCorine & A$AP Ferg),165280
Plain Jane,173600
Plain Jane REMIX (feat. Nicki Minaj),202636
"Work REMIX (feat. A$AP Rocky, French Montana, Trinidad James & ScHoolboy Q)",283693
SILVER TOOTH. (with A$AP Ferg),142560
New Level (feat. Future),264973
"Runnin (with A$AP Rocky, A$AP Ferg & Nicki Minaj)",131674
Shabba (feat. A$AP Rocky),275866
WAM,157586
Burnout,128052
Candles and Wine,205165
Santa,193038
Rush,185093
Last Heartbreak Song (feat. Giveon),149677
Commas,157089
Bad Vibes (feat. Seyi Vibez),168406
People (feat. Ayra Starr & Omah Lay),184633
Ngozi,221217
No love,202186
Hypé (feat. Ayra Starr),157402
PINACOLADA,177847
Deep Down (feat. Never Dull),165752
LET'S GET FKD UP,121500
Jungle,175500
Hear Me Now,194840
Car Keys (Ayla),147211
Lua,206538
Summer's Back,147619
Deep In Your Love,144648
Piece Of Your Heart - Alok Remix,166451
Headlights (feat. KIDDO),158400
A Tazza ‘E Cafe,148506
Podiseti Poddulona Mahankali,291758
Telu Vijaya Bathukamma,261234
Amma Durgamma Thalli,299559
Durgamma,281959
Vepa Chettuku Uyyala,419279
Dayagala Thallivi Neevammo,261877
Maa Inti Thalli,316199
Dandalu Dandalu Thalli,294704
Puli Neeku Vahanamai,281079
Pattu Cheera Pattu Raika,262143
Let Go,176531
"I'm Good Luv, Enjoy.",134547
Cream,113555
Ride,190605
No Recognition,147441
Make It,77374
In Love,232510
Chains,150278
Dreams,162213
HIDDEN VOICES,150928
Við eigum hvorn annar að,215899
Dil Se Jekra Ke Chahee,199865
Kontrast,375277
Sholay Title Music - Recreated,174837
Away,306545
Amarte siempre - Bachata,204405
Severity,460592
Jai Gajmukhdhari Namo Namaha,173984
NEXT DOOR (prod by GUCHI),365800
Þekja,284731
African Groove,360513
Baby Don't Hurt Me,140017
Rewrite The Stars (with James Arthur & Anne-Marie),218293
2002,186986
Cry Baby,157086
FRIENDS,202620
UNHEALTHY (feat. Shania Twain),149653
Our Song,163733
Ciao Adios,199773
"fuck, i'm lonely",198973
PSYCHO,162666
Tora Je Ja Bolish Bhai,158766
Baro Asha Kore Esechhi Go,157936
Purano Sei Diner Katha,184162
Akash Bhara Surja Tara,171741
Eso Go Jwele Diye Jao,185447
Aaji Jato Tara Tabo Akashe,167808
Ja Peyechhi Pratham Dine,178304
Nako Sajni Ga,227533
Sakarun Benu Bajaye Ke jay,167422
Rimiki Jhimiki Jhare,188073
Poison - Hazbin Hotel Original Soundtrack,127689
"Loser, Baby",175113
Hell’s Greatest Dad,133717
Stayed Gone,180475
Hell Is Forever,140653
Respectless,95682
Out For Love,90305
You Didn’t Know,188677
More Than Anything,193235
Finale,230580
Geeked,70844
Yu & I,111725
Ladki Sun Mazhi,54860
For Jer,197973
PhotoCopy Theme,68112
Chaleya,200373
"Chuttamalle (From ""Devara Part 1"")",222063
Kadharalz,234023
"Fear Song (From ""Devara Part 1"") [Telugu]",195064
Hukum - Thalaivar Alappara,207647
Naa Ready,248181
"Yaanji - From ""Vikram Vedha""",270375
Badass,229677
"Kannamma - From ""Ispade Rajavum Idhaya Raniyum""",256945
"Hayyoda (From ""Jawan"")",200142
"Requiem in D Minor, K. 626: Sequence: VI. Lacrimosa dies illa",199840
"Piano Sonata No. 16 in C Major, K. 545 ""Sonata facile"": I. Allegro",291666
"Piano Concerto No. 21 in C Major, K. 467: II. Andante",433666
"Serenade in B-Flat Major, K. 361 ""Gran Partita"": III. Adagio",330000
"Mozart: Fantasia in D Minor, K. 397",319973
"Symphony No. 25 in G Minor, K. 183: I. Allegro con brio",460026
"Requiem, K. 626: Lacrimosa",169666
"Ave verum corpus, K.618 (Arr. for Piano by Franz Liszt)",195000
"Mozart: Clarinet Concerto in A Major, K. 622: II. Adagio",394560
"Adagio in E Major, K. 261",517360
Max Explain,345694
Sickness From Fitting In,247790
Born Lacking,159349
Gifts and Curses,266451
Punished or Banished,198002
Bad Feeling Now Good Feeling Later,307407
Commentary Community,278236
Severence package all in 1,140347
Friendly Fired,292507
Low IQ W,272793
Give Me Everything (feat. Nayer),252306
Time of Our Lives,229360
So Sick,207186
Miss Independent,232000
Because Of You,266840
Closer,234360
She Knows,214725
Sexy Love,220853
Mad,254533
Let Me Love You (Until You Learn To Love Yourself),251626
Too Fast,187936
Under Control (feat. Hurts),184280
I Like It (with Nate Smith),152349
Words (feat. Zara Larsson),142677
Heroes (we could be),210013
"Let Me Go (with Alesso, Florida Georgia Line & watt)",174800
If I Lose Myself - Alesso vs OneRepublic,214813
When I’m Gone (with Katy Perry),161266
Calling (Lose My Mind) - Radio Edit,205440
Going Dumb (with Stray Kids),169506
REMEDY,190295
Will You Still Love Me Tomorrow - Bachata,196310
California Dreamin',132571
Sunshine of Your Love - New Arrangement,251167
"Quizás, Quizás",158772
Till There was You,155062
The Girl from Ocean Drive,227604
Dos y Dos Son Cuatro,243983
Everybody Feeling,164127
Can't Take my Eyes Off of You,234631
Get Lucky - New Arrangement,200855
Santa,193038
Desesperados,224996
Cúrame,164705
Todo De Ti,199604
LOKERA,197101
DILUVIO,197052
Tiroteo - Remix,321555
El Efecto,217142
Déjame Entrar,254705
Dile a El,209540
FL8XG8D,140800
24,89006
KC3K (fern_shy),139867
Forget Ab It,107552
21,95500
IC8*NTf33LMY80DY,83478
Give Me Everything (feat. Nayer),252306
"Hey Mama (feat. Nicki Minaj, Bebe Rexha & Afrojack) - Afrojack Remix",197040
Raving,138951
FVCK,186116
Light It Up (feat. MC Ambush),156146
2 The Moon,185282
Maldito Alcohol (Pitbull vs. Afrojack),201320
Ten Feet Tall,229149
Take Over Control (Dutch Edit) [feat. Eva Simons],210293
Sad (feat. Afrojack),161280
2008,294707
Foolish,227386
Rock Wit U (Awww Baby),209120
Body On Me,200720
Unfoolish,194160
Baby (feat. Ashanti),177733
Happy,262226
Baby,265706
Only U - No Intro,186306
Rain On Me,297960
Wockesha (with Lil Wayne & Ashanti) - Remix,217880
Med c,301016
KALO KA MAHAKAL,197299
Med b,240000
Up,168960
Med b - Remymix,336000
Haegeum,168926
Daechwita,225668
Interlude : Dawn,105139
People Pt.2 (feat. IU),213995
28 (feat. NiiHWA),133673
AMYGDALA,251533
D-Day,211373
"Snooze (feat. Ryuichi Sakamoto, WOOSUNG of The Rose)",264760
Life Goes On,197638
People,197000
OJALÁ,140930
Traveller,280000
verte / Rodriguezzz,97450
Due Time,185390
Ta Life,166452
Collective Thought,208195
Been Thinkin,181028
Perspective,97253
25,256887
B.T.D.T.,241110
If Only,181159
I'm in a Hurry (And Don't Know Why),168813
Song of the South,190800
Mountain Music,217986
Dixieland Delight,322093
If You're Gonna Play in Texas (You Gotta Have a Fiddle in the Band),212666
High Cotton,180320
Born Country,196866
Dixieland Delight - Single Edit,236426
Roll On (Eighteen Wheeler),264973
Okie From Muskogee - Live,95746
Dreams,137872
Mamacita,144101
Flip,139500
Push,143936
Time,179853
Revenge,236307
Scars To Your Beautiful,230240
Stay,210090
Here,199453
How Far I'll Go - Alessia Cara Version,175506
Out Of Love,227693
Wild Things,188493
Dead Man,203343
I'm Like A Bird - Recorded at Spotify Studios NYC,219960
"I Choose - From The Netflix Original Film ""The Willoughbys""",217347
River Of Tears,254506
Velours,128869
A Horse with No Name,252239
Sister Golden Hair,199573
Ventura Highway,211680
Lonely People,150226
You Can Do Magic,237466
Tin Man,209866
All My Life,183826
Riverside,181093
I Need You,183186
Don't Cross the River,149866
My Universe,238750
Don't Give Up On Me,196187
"Honey, I'm Good",199263
Fresh Eyes,198001
Keep Your Head Up,190493
Fine By Me,172813
These Tears,169656
Lease On Life,168162
I Do (feat. Maddie & Tae),195428
Best of You (feat. Elle King),185393
Saved My Life (with R3HAB),174842
MY MIND,209687
Dirty Little Secret,193653
Gives You Hell,213106
Move Along,238880
"Swing, Swing",233266
It Ends Tonight,244826
I Wanna,208600
My Paper Heart,228866
Stab My Back,189306
The Last Song,300386
Top Of The World,203720
Look New,265299
On & On,170578
This Is What It Feels Like,204360
Blah Blah Blah,183518
In The Dark,148930
In And Out Of Love,226621
No Fun,130412
Larger Than Life,175546
In And Out Of Love,181680
Easy To Love,151820
Great Spirit,215773
Never Ask Games,258400
GATITAS SANDUNGUERAS VOL.1,131853
Problemón,192613
BYAK,216346
Llori Pari,215026
QUIZÁS SI QUIZÁS NO,203213
SIN PODERES,206800
MAMI 100PRE SABE (INTERLUDE),137933
A MI NOMBRE,208346
PARANORMAL,197935
1000CANCIONES,246200
Blue Trees,102090
It Could Be,146573
唱,192653
Usseewa,206893
New Genesis,226813
RuLe,197853
Backlight,237666
Odo,210346
MIRROR,180213
Aishite Aishite Aishite,258372
I’m invincible,257079
クラクラ,191105
Are You That Somebody,265666
Try Again,284640
One In A Million,270760
Rock The Boat,274733
I Don't Wanna,256560
At Your Best (You Are Love),291400
Age Ain't Nothing But a Number,253960
Miss You,245226
Back & Forth,231093
More Than A Woman,229866
The Time Passes Fast - Original Mix,465083
漂い,254002
A Cat Attic Attack,191026
Tablado,186549
BREAK ALL DAY! - UKULELE,116133
瘢痕 (Scar),136000
Anchor,257533
State Lines,208653
Ontario,192866
Repeat Until Death,234080
Carry You,273106
Haven (from Life Is Strange),172500
Euphor,243466
From Gold,214335
Keep Me,194560
Alps,194160
ВСПОМНИ,148761
"I Love You, I'm Sorry",157146
Close To You,225973
"I miss you, I’m sorry",167538
us. (feat. Taylor Swift),242666
Risk,191586
Blowing Smoke,232280
Tough Love,169146
Mess It Up,171280
Free Now,214080
I know it won't work,245629
3.17,197875
3.18,198000
Hey Ya!,235213
Ms. Jackson,270506
"So Fresh, So Clean",240026
The Way You Move (feat. Sleepy Brown),234000
ATLiens,230693
Roses,369573
Rosa Parks,324373
B.O.B. - Bombs Over Baghdad,304226
Da Art of Storytellin' (Pt. 1),222653
Player's Ball,261266
